ㄅㄚ,,ba,1,八
ㄅㄚ,ˊ,ba,2,拔
ㄅㄚ,ˇ,ba,3,把
ㄅㄚ,ˋ,ba,4,爸
ㄅㄚ,˙,ba,5,吧*
ㄅㄛ,,bo,1,剝
ㄅㄛ,ˊ,bo,2,博
ㄅㄛ,ˇ,bo,3,跛
ㄅㄛ,ˋ,bo,4,擘
ㄅㄛ,˙,bo,5,蔔*
ㄅㄞ,,bai,1,掰
ㄅㄞ,ˊ,bai,2,白
ㄅㄞ,ˇ,bai,3,百
ㄅㄞ,ˋ,bai,4,敗
ㄅㄟ,,bei,1,杯
ㄅㄟ,ˇ,bei,3,北
ㄅㄟ,ˋ,bei,4,備
ㄅㄠ,,bao,1,包
ㄅㄠ,ˊ,bao,2,薄*
ㄅㄠ,ˇ,bao,3,寶
ㄅㄠ,ˋ,bao,4,報
ㄅㄢ,,ban,1,搬
ㄅㄢ,ˇ,ban,3,板
ㄅㄢ,ˋ,ban,4,伴
ㄅㄣ,,ben,1,奔
ㄅㄣ,ˇ,ben,3,本
ㄅㄣ,ˋ,ben,4,笨
ㄅㄤ,,bang,1,幫
ㄅㄤ,ˇ,bang,3,綁
ㄅㄤ,ˋ,bang,4,棒
ㄅㄥ,,beng,1,繃
ㄅㄥ,ˊ,beng,2,甭*
ㄅㄥ,ˇ,beng,3,唪*
ㄅㄥ,ˋ,beng,4,蹦*
ㄅ一,,bi,1,逼
ㄅ一,ˊ,bi,2,鼻
ㄅ一,ˇ,bi,3,比
ㄅ一,ˋ,bi,4,畢
ㄅ一ㄝ,,bie,1,鱉
ㄅ一ㄝ,ˊ,bie,2,別
ㄅ一ㄝ,ˇ,bie,3,蛂*
ㄅ一ㄝ,ˋ,bie,4,彆*
ㄅ一ㄠ,,biao,1,標
ㄅ一ㄠ,ˇ,biao,3,錶
ㄅ一ㄠ,ˋ,biao,4,俵*
ㄅ一ㄢ,,bian,1,邊
ㄅ一ㄢ,ˇ,bian,3,扁
ㄅ一ㄢ,ˋ,bian,4,變
ㄅ一ㄣ,,bin,1,賓
ㄅ一ㄣ,ˋ,bin,4,鬢
ㄅ一ㄥ,,bing,1,兵
ㄅ一ㄥ,ˇ,bing,3,餅
ㄅ一ㄥ,ˋ,bing,4,病
ㄅㄨ,,bu,1,逋*
ㄅㄨ,ˊ,bu,2,不*
ㄅㄨ,ˇ,bu,3,補
ㄅㄨ,ˋ,bu,4,部
ㄆㄚ,,pa,1,趴
ㄆㄚ,ˊ,pa,2,爬
ㄆㄚ,ˋ,pa,4,怕
ㄆㄛ,,po,1,潑
ㄆㄛ,ˊ,po,2,婆
ㄆㄛ,ˇ,po,3,頗
ㄆㄛ,ˋ,po,4,破
ㄆㄞ,,pai,1,拍
ㄆㄞ,ˊ,pai,2,排
ㄆㄞ,ˇ,pai,3,排*
ㄆㄞ,ˋ,pai,4,派
ㄆㄟ,,pei,1,呸
ㄆㄟ,ˊ,pei,2,賠
ㄆㄟ,ˇ,pei,3,琣*
ㄆㄟ,ˋ,pei,4,佩
ㄆㄠ,,pao,1,拋
ㄆㄠ,ˊ,pao,2,袍
ㄆㄠ,ˇ,pao,3,跑
ㄆㄠ,ˋ,pao,4,泡
ㄆㄡ,,pou,1,剖*
ㄆㄡ,ˊ,pou,2,掊*
ㄆㄡ,ˇ,pou,3,剖*
ㄆㄢ,,pan,1,攀
ㄆㄢ,ˊ,pan,2,盤
ㄆㄢ,ˇ,pan,3,坢*
ㄆㄢ,ˋ,pan,4,判
ㄆㄣ,,pen,1,噴
ㄆㄣ,ˊ,pen,2,盆
ㄆㄣ,ˇ,pen,3,呠*
ㄆㄣ,ˋ,pen,4,歕*
ㄆㄤ,,pang,1,乓*
ㄆㄤ,ˊ,pang,2,旁
ㄆㄤ,ˇ,pang,3,耪*
ㄆㄤ,ˋ,pang,4,胖
ㄆㄥ,,peng,1,烹
ㄆㄥ,ˊ,peng,2,朋
ㄆㄥ,ˇ,peng,3,捧
ㄆㄥ,ˋ,peng,4,碰
ㄆ一,,pi,1,匹
ㄆ一,ˊ,pi,2,皮
ㄆ一,ˇ,pi,3,痞
ㄆ一,ˋ,pi,4,僻
ㄆ一ㄝ,,pie,1,氕*
ㄆ一ㄝ,ˇ,pie,3,撇*
ㄆ一ㄠ,,piao,1,飄
ㄆ一ㄠ,ˊ,piao,2,瓢
ㄆ一ㄠ,ˇ,piao,3,殍*
ㄆ一ㄠ,ˋ,piao,4,票
ㄆ一ㄢ,,pian,1,篇
ㄆ一ㄢ,ˊ,pian,2,胼*
ㄆ一ㄢ,ˇ,pian,3,諞*
ㄆ一ㄢ,ˋ,pian,4,片
ㄆ一ㄣ,,pin,1,拚
ㄆ一ㄣ,ˊ,pin,2,蘋
ㄆ一ㄣ,ˇ,pin,3,品
ㄆ一ㄣ,ˋ,pin,4,聘
ㄆ一ㄥ,,ping,1,俜*
ㄆ一ㄥ,ˊ,ping,2,憑
ㄆ一ㄥ,ˇ,ping,3,絣*
ㄆㄨ,,pu,1,撲
ㄆㄨ,ˊ,pu,2,僕
ㄆㄨ,ˇ,pu,3,譜
ㄆㄨ,ˋ,pu,4,瀑
ㄇㄚ,,ma,1,媽
ㄇㄚ,ˊ,ma,2,麻
ㄇㄚ,ˇ,ma,3,馬
ㄇㄚ,ˋ,ma,4,罵
ㄇㄚ,˙,ma,5,嘛*
ㄇㄛ,,mo,1,摸
ㄇㄛ,ˊ,mo,2,魔
ㄇㄛ,ˇ,mo,3,抹
ㄇㄛ,ˋ,mo,4,墨
ㄇㄛ,˙,mo,5,麼*
ㄇㄜ,˙,me,5,乜*
ㄇㄞ,ˊ,mai,2,埋
ㄇㄞ,ˇ,mai,3,買
ㄇㄞ,ˋ,mai,4,賣
ㄇㄟ,ˊ,mei,2,梅
ㄇㄟ,ˇ,mei,3,美
ㄇㄟ,ˋ,mei,4,妹
ㄇㄠ,,mao,1,貓
ㄇㄠ,ˊ,mao,2,毛
ㄇㄠ,ˇ,mao,3,卯*
ㄇㄠ,ˋ,mao,4,冒
ㄇㄡ,ˊ,mou,2,謀
ㄇㄡ,ˇ,mou,3,某
ㄇㄢ,,man,1,顢*
ㄇㄢ,ˊ,man,2,蠻
ㄇㄢ,ˇ,man,3,滿
ㄇㄢ,ˋ,man,4,慢
ㄇㄣ,,men,1,悶
ㄇㄣ,ˊ,men,2,門
ㄇㄣ,ˋ,men,4,懣*
ㄇㄣ,˙,men,5,們*
ㄇㄤ,ˊ,mang,2,忙
ㄇㄤ,ˇ,mang,3,莽
ㄇㄥ,,meng,1,濛*
ㄇㄥ,ˊ,meng,2,盟
ㄇㄥ,ˇ,meng,3,猛
ㄇㄥ,ˋ,meng,4,夢
ㄇ一,,mi,1,咪
ㄇ一,ˊ,mi,2,彌
ㄇ一,ˇ,mi,3,米
ㄇ一,ˋ,mi,4,蜜
ㄇ一ㄝ,,mie,1,乜*
ㄇ一ㄝ,ˋ,mie,4,蔑
ㄇ一ㄠ,,miao,1,喵
ㄇ一ㄠ,ˊ,miao,2,描
ㄇ一ㄠ,ˇ,miao,3,秒
ㄇ一ㄠ,ˋ,miao,4,妙
ㄇ一ㄡ,ˋ,miu,4,謬
ㄇ一ㄢ,ˊ,mian,2,棉
ㄇ一ㄢ,ˇ,mian,3,免
ㄇ一ㄢ,ˋ,mian,4,面
ㄇ一ㄣ,ˊ,min,2,民
ㄇ一ㄣ,ˇ,min,3,閩
ㄇ一ㄥ,ˊ,ming,2,名
ㄇ一ㄥ,ˋ,ming,4,命
ㄇㄨ,ˇ,mu,3,母
ㄇㄨ,ˋ,mu,4,目
ㄈㄚ,,fa,1,發
ㄈㄚ,ˊ,fa,2,乏
ㄈㄚ,ˇ,fa,3,法
ㄈㄚ,ˋ,fa,4,琺*
ㄈㄛ,ˊ,fo,2,佛
ㄈㄟ,,fei,1,飛
ㄈㄟ,ˊ,fei,2,肥
ㄈㄟ,ˇ,fei,3,匪
ㄈㄟ,ˋ,fei,4,吠
ㄈㄡ,ˊ,fou,2,紑*
ㄈㄡ,ˇ,fou,3,否
ㄈㄢ,,fan,1,帆
ㄈㄢ,ˊ,fan ,2,煩
ㄈㄢ,ˇ,fan,3,反
ㄈㄢ,ˋ,fan,4,飯
ㄈㄣ,,fen,1,分
ㄈㄣ,ˊ,fen,2,焚
ㄈㄣ,ˇ,fen,3,粉
ㄈㄣ,ˋ,fen,4,憤
ㄈㄤ,,fang,1,方
ㄈㄤ,ˊ,fang,2,房
ㄈㄤ,ˇ,fang,3,訪
ㄈㄤ,ˋ,fang,4,放
ㄈㄥ,,feng,1,風
ㄈㄥ,ˊ,feng,2,逢
ㄈㄥ,ˇ,feng,3,唪*
ㄈㄥ,ˋ,feng,4,鳳
ㄈㄨ,,fu,1,夫
ㄈㄨ,ˊ,fu,2,浮
ㄈㄨ,ˇ,fu,3,府
ㄈㄨ,ˋ,fu,4,婦
ㄉㄚ,,da,1,噠*
ㄉㄚ,ˊ,da,2,答
ㄉㄚ,ˇ,da,3,打
ㄉㄚ,ˋ,da,4,大
ㄉㄜ,ˊ,de,2,德
ㄉㄜ,˙,de,5,的*
ㄉㄞ,,dai,1,呆
ㄉㄞ,ˇ,dai,3,歹
ㄉㄞ,ˋ,dai,4,帶
ㄉㄠ,,dao,1,刀
ㄉㄠ,ˇ,dao,3,島
ㄉㄠ,ˋ,dao,4,道
ㄉㄡ,,dou,1,兜
ㄉㄡ,ˇ,dou,3,斗
ㄉㄡ,ˋ,dou,4,鬥
ㄉㄢ,,dan,1,丹
ㄉㄢ,ˇ,dan,3,膽
ㄉㄢ,ˋ,dan,4,蛋
ㄉㄤ,,dang,1,當
ㄉㄤ,ˇ,dang,3,黨
ㄉㄤ,ˋ,dang,4,盪
ㄉㄟ,ˇ,dei,3,得*
ㄉㄥ,,deng,1,燈
ㄉㄥ,ˇ,deng,3,等
ㄉㄥ,ˋ,deng,4,凳
ㄉ一,,di,1,低
ㄉ一,ˊ,di,2,敵
ㄉ一,ˇ,di,3,抵
ㄉ一,ˋ,di,4,帝
ㄉ一ㄝ,,die,1,爹
ㄉ一ㄝ,ˊ,die,2,疊
ㄉ一ㄠ,,diao,1,彫
ㄉ一ㄠ,ˇ,diao,3,屌
ㄉ一ㄠ,ˋ,diao,4,釣
ㄉ一ㄡ,,diu,1,丟
ㄉ一ㄢ,,dian,1,顛
ㄉ一ㄢ,ˇ,dian,3,點
ㄉ一ㄢ,ˋ,dian,4,店
ㄉ一ㄥ,,ding,1,丁
ㄉ一ㄥ,ˇ,ding,3,鼎
ㄉ一ㄥ,ˋ,ding,4,訂
ㄉ一ㄚ,,dia,1,嗲*
ㄉ一ㄚ,ˇ,dia,3,嗲*
ㄉㄨ,,du,1,督
ㄉㄨ,ˊ,du,2,獨
ㄉㄨ,ˇ,du,3,賭
ㄉㄨ,ˋ,du,4,杜
ㄉㄨㄛ,,duo,1,多
ㄉㄨㄛ,ˊ,duo,2,奪
ㄉㄨㄛ,ˇ,duo,3,躲
ㄉㄨㄛ,ˋ,duo,4,惰
ㄉㄨㄟ,,dui,1,堆
ㄉㄨㄟ,ˋ,dui,4,對
ㄉㄨㄢ,,duan,1,端
ㄉㄨㄢ,ˇ,duan,3,短
ㄉㄨㄢ,ˋ,duan,4,斷
ㄉㄨㄣ,,dun,1,蹲
ㄉㄨㄣ,ˇ,dun,3,盹*
ㄉㄨㄣ,ˋ,dun,4,盾
ㄉㄨㄥ,,dong,1,冬
ㄉㄨㄥ,ˇ,dong,3,懂
ㄉㄨㄥ,ˋ,dong,4,洞
ㄊㄚ,,ta,1,塌
ㄊㄚ,ˇ,ta,3,塔
ㄊㄚ,ˋ,ta,4,踏
ㄊㄜ,ˊ,te,2,特*
ㄊㄜ,ˋ,te,4,特
ㄊㄞ,,tai,1,胎
ㄊㄞ,ˊ,tai,2,抬
ㄊㄞ,ˋ,tai,4,態
ㄊㄠ,,tao,1,掏
ㄊㄠ,ˊ,tao,2,桃
ㄊㄠ,ˇ,tao,3,討
ㄊㄠ,ˋ,tao,4,套
ㄊㄡ,,tou,1,偷
ㄊㄡ,ˊ,tou,2,頭
ㄊㄡ,ˇ,tou,3,妵*
ㄊㄡ,ˋ,tou,4,透
ㄊㄢ,,tan,1,貪
ㄊㄢ,ˊ,tan,2,談
ㄊㄢ,ˇ,tan,3,坦
ㄊㄢ,ˋ,tan,4,碳
ㄊㄤ,,tang,1,湯
ㄊㄤ,ˊ,tang,2,唐
ㄊㄤ,ˇ,tang,3,躺
ㄊㄤ,ˋ,tang,4,燙
ㄊㄥ,ˊ,teng,2,疼
ㄊ一,,ti,1,踢
ㄊ一,ˊ,ti,2,提
ㄊ一,ˇ,ti,3,體
ㄊ一,ˋ,ti,4,替
ㄊ一ㄝ,,tie,1,貼
ㄊ一ㄝ,ˇ,tie,3,鐵
ㄊ一ㄝ,ˋ,tie,4,帖
ㄊ一ㄠ,,tiao,1,挑
ㄊ一ㄠ,ˊ,tiao,2,條
ㄊ一ㄠ,ˇ,tiao,3,窕*
ㄊ一ㄠ,ˋ,tiao,4,跳
ㄊ一ㄢ,,tian,1,天
ㄊ一ㄢ,ˊ,tian,2,田
ㄊ一ㄢ,ˇ,tian,3,舔
ㄊ一ㄢ,ˋ,tian,4,瑱*
ㄊ一ㄥ,,ting,1,聽
ㄊ一ㄥ,ˊ,ting,2,停
ㄊ一ㄥ,ˇ,ting,3,艇
ㄊ一ㄥ,ˋ,ting,4,聽*
ㄊㄨ,,tu,1,禿
ㄊㄨ,ˊ,tu,2,圖
ㄊㄨ,ˇ,tu,3,土
ㄊㄨ,ˋ,tu,4,兔
ㄊㄨㄢ,,tuan,1,湍*
ㄊㄨㄢ,ˊ,tuan,2,團
ㄊㄨㄢ,ˇ,tuan,3,畽*
ㄊㄨㄢ,ˋ,tuan,4,彖*
ㄊㄨㄛ,,tuo,1,脫
ㄊㄨㄛ,ˊ,tuo,2,陀
ㄊㄨㄛ,ˇ,tuo,3,妥
ㄊㄨㄛ,ˋ,tuo,4,唾*
ㄊㄨㄟ,,tui,1,推
ㄊㄨㄟ,ˊ,tui,2,頹*
ㄊㄨㄟ,ˇ,tui,3,腿
ㄊㄨㄟ,ˋ,tui,4,退
ㄊㄨㄣ,,tun,1,吞
ㄊㄨㄣ,ˊ,tun,2,臀
ㄊㄨㄣ,ˋ,tun,4,褪*
ㄊㄨㄥ,,tong,1,通
ㄊㄨㄥ,ˊ,tong,2,童
ㄊㄨㄥ,ˇ,tong,3,統
ㄊㄨㄥ,ˋ,tong,4,痛
ㄋㄚ,ˊ,na,2,拿
ㄋㄚ,ˇ,na,3,哪*
ㄋㄚ,ˋ,na,4,鈉
ㄋㄚ,˙,na,5,哪*
ㄋㄜ,ˋ,ne,4,呢*
ㄋㄜ,˙,ne,5,呢*
ㄋㄞ,ˇ,nai,3,奶
ㄋㄞ,ˋ,nai,4,耐
ㄋㄟ,ˇ,nei,3,餒
ㄋㄟ,ˋ,nei,4,內
ㄋㄠ,,nao,1,孬
ㄋㄠ,ˊ,nao,2,撓*
ㄋㄠ,ˇ,nao,3,腦
ㄋㄠ,ˋ,nao,4,鬧
ㄋㄡ,ˋ,nou,4,獳*
ㄋㄢ,,nan,1,囝*
ㄋㄢ,ˊ,nan,2,男
ㄋㄢ,ˇ,nan,3,赧*
ㄋㄢ,ˋ,nan,4,難*
ㄋㄣ,ˋ,nen,4,嫩
ㄋㄤ,ˊ,nang,2,囊
ㄋㄤ,ˇ,nang,3,曩*
ㄋㄥ,ˊ,neng,2,能
ㄋ一,ˊ,ni,2,泥
ㄋ一,ˇ,ni,3,你
ㄋ一,ˋ,ni,4,膩
ㄋ一ㄝ,,nie,1,捏
ㄋ一ㄝ,ˋ,nie,4,鎳
ㄋ一ㄠ,ˇ,niao,3,鳥
ㄋ一ㄠ,ˋ,niao,4,尿
ㄋ一ㄡ,,niu,1,妞
ㄋ一ㄡ,ˊ,niu,2,牛
ㄋ一ㄡ,ˇ,niu,3,紐
ㄋ一ㄡ,ˋ,niu,4,拗*
ㄋ一ㄢ,,nian,1,蔫*
ㄋ一ㄢ,ˊ,nian,2,年
ㄋ一ㄢ,ˇ,nian,3,捻*
ㄋ一ㄢ,ˋ,nian,4,唸
ㄋ一ㄣ,ˊ,nin,2,您
ㄋ一ㄤ,ˊ,niang,2,娘
ㄋ一ㄤ,ˋ,niang,4,釀
ㄋ一ㄥ,ˊ,ning,2,寧
ㄋ一ㄥ,ˇ,ning,3,擰
ㄋ一ㄥ,ˋ,ning,4,濘*
ㄋㄨ,ˊ,nu,2,奴
ㄋㄨ,ˇ,nu,3,努
ㄋㄨ,ˋ,nu,4,怒
ㄋㄨㄛ,ˊ,nuo,2,挪
ㄋㄨㄛ,ˋ,nuo,4,諾
ㄋㄨㄢ,ˇ,nuan,3,暖
ㄋㄨㄥ,ˊ,nong,2,濃
ㄋㄨㄥ,ˋ,nong,4,弄
ㄋㄩ,ˇ,nuu,3,女
ㄋㄩㄝ,ˋ,nue,4,虐
ㄌㄚ,,la,1,拉
ㄌㄚ,ˊ,la,2,剌*
ㄌㄚ,ˇ,la,3,喇
ㄌㄚ,ˋ,la,4,蠟
ㄌㄚ,˙,la,5,啦*
ㄌㄜ,,le,,勒*
ㄌㄜ,ˋ,le,4,肋
ㄌㄜ,˙,le,5,了*
ㄌㄞ,ˊ,lai,2,來
ㄌㄞ,ˋ,lai,4,賴
ㄌㄟ,,lei,1,勒*
ㄌㄟ,ˊ,lei,2,雷
ㄌㄟ,ˇ,lei,3,壘
ㄌㄟ,ˋ,lei,4,淚
ㄌㄠ,,lao,1,撈
ㄌㄠ,ˊ,lao,2,勞
ㄌㄠ,ˇ,lao,3,老
ㄌㄠ,ˋ,lao,4,烙
ㄌㄢ,ˊ,lan,2,嵐
ㄌㄢ,ˇ,lan,3,懶
ㄌㄢ,ˋ,lan,4,爛
ㄌㄤ,,lang,1,啷
ㄌㄤ,ˊ,lang,2,狼
ㄌㄤ,ˇ,lang,3,朗
ㄌㄤ,ˋ,lang,4,浪
ㄌㄥ,ˊ,leng,2,稜*
ㄌㄥ,ˇ,leng,3,冷
ㄌㄥ,ˋ,leng,4,愣
ㄌ一,,li,1,哩*
ㄌ一,ˊ,li,2,離
ㄌ一,ˇ,li,3,裡
ㄌ一,ˋ,li,4,力
ㄌ一,˙,ji,5,哩*
ㄌ一ㄝ,,lie,1,咧*
ㄌ一ㄝ,ˇ,lie,3,咧*
ㄌ一ㄝ,ˋ,lie,4,列
ㄌ一ㄠ,,liao,1,撩*
ㄌ一ㄠ,ˊ,liao,2,療
ㄌ一ㄠ,ˇ,liao,3,了*
ㄌ一ㄠ,ˋ,liao,4,廖
ㄌ一ㄡ,,liu,1,溜
ㄌ一ㄡ,ˊ,liu,2,劉
ㄌ一ㄡ,ˇ,liu,3,柳
ㄌ一ㄡ,ˋ,liu,4,六
ㄌ一ㄢ,ˊ,lian,2,聯
ㄌ一ㄢ,ˇ,lian,3,臉
ㄌ一ㄢ,ˋ,lian,4,練
ㄌ一ㄣ,ˊ,lin,2,林
ㄌ一ㄣ,ˇ,lin,3,凜*
ㄌ一ㄣ,ˋ,lin,4,吝*
ㄌ一ㄤ,ˊ,liang,2,良
ㄌ一ㄤ,ˇ,liang,3,兩
ㄌ一ㄤ,ˋ,liang,4,亮
ㄌ一ㄥ,,ling,1,拎
ㄌ一ㄥ,ˊ,ling,2,零
ㄌ一ㄥ,ˇ,ling,3,領
ㄌ一ㄥ,ˋ,ling,4,令
ㄌㄡ,,lou,1,摟*
ㄌㄡ,ˊ,lou,2,樓
ㄌㄡ,ˇ,lou,3,摟
ㄌㄡ,ˋ,lou,4,陋
ㄌㄨ,,lu,1,嚕*
ㄌㄨ,ˊ,lu,2,蘆
ㄌㄨ,ˇ,lu,3,滷
ㄌㄨ,ˋ,lu,4,路
ㄌㄨㄛ,,luo,1,囉*
ㄌㄨㄛ,ˊ,luo,2,騾
ㄌㄨㄛ,ˇ,luo,3,裸
ㄌㄨㄛ,ˋ,luo,4,洛
ㄌㄨㄢ,ˊ,luan,2,鑾*
ㄌㄨㄢ,ˇ,luan,3,卵
ㄌㄨㄢ,ˋ,luan,4,亂
ㄌㄨㄣ,,lun,1,掄*
ㄌㄨㄣ,ˊ,lun,2,輪
ㄌㄨㄣ,ˋ,lun,4,論
ㄌㄨㄥ,,long,1,隆*
ㄌㄨㄥ,ˊ,long,2,龍
ㄌㄨㄥ,ˇ,long,3,壟*
ㄌㄨㄥ,ˋ,long,4,哢*
ㄌㄩ,ˊ,luu,2,驢
ㄌㄩ,ˇ,luu,3,旅
ㄌㄩ,ˋ,luu,4,綠
ㄌㄩㄝ,ˋ,lue,4,略
ㄍㄚ,,ga,1,嘎
ㄍㄚ,ˊ,ga,2,釓*
ㄍㄚ,ˇ,ga,3,尕*
ㄍㄚ,ˋ,ga,4,尬*
ㄍㄜ,,ge,1,哥
ㄍㄜ,ˊ,ge,2,革
ㄍㄜ,ˇ,ge,3,葛
ㄍㄜ,ˋ,ge,4,各
ㄍㄜ,˙,ge,5,個*
ㄍㄞ,,gai,1,該
ㄍㄞ,ˇ,gai,3,改
ㄍㄞ,ˋ,gai,4,鈣
ㄍㄟ,ˇ,gei,3,給*
ㄍㄠ,,gao,1,高
ㄍㄠ,ˇ,gao,3,搞
ㄍㄠ,ˋ,gao,4,告
ㄍㄡ,,gou,1,溝
ㄍㄡ,ˇ,gou,3,狗
ㄍㄡ,ˋ,gou,4,夠
ㄍㄢ,,gan,1,乾
ㄍㄢ,ˇ,gan,3,敢
ㄍㄢ,ˋ,gan,4,贛
ㄍㄣ,,gen,1,根
ㄍㄣ,ˋ,gen,4,艮*
ㄍㄤ,,gang,1,鋼
ㄍㄤ,ˇ,gang,3,港
ㄍㄤ,ˋ,gang,4,槓
ㄍㄥ,,geng,1,耕
ㄍㄥ,ˇ,geng,3,梗
ㄍㄥ,ˋ,geng,4,更*
ㄍㄨ,,gu,1,姑
ㄍㄨ,ˇ,gu,3,古
ㄍㄨ,ˋ,gu,4,顧
ㄍㄨㄚ,,gua,1,瓜
ㄍㄨㄚ,ˇ,gua,3,寡
ㄍㄨㄚ,ˋ,gua,4,掛
ㄍㄨㄛ,,guo,1,郭
ㄍㄨㄛ,ˊ,guo,2,國
ㄍㄨㄛ,ˇ,guo,3,果
ㄍㄨㄛ,ˋ,guo,4,過
ㄍㄨㄞ,,guai,1,乖
ㄍㄨㄞ,ˇ,guai,3,拐
ㄍㄨㄞ,ˋ,guai,4,怪
ㄍㄨㄟ,,gui,1,龜
ㄍㄨㄟ,ˇ,gui,3,鬼
ㄍㄨㄟ,ˋ,gui,4,貴
ㄍㄨㄢ,,guan,1,官
ㄍㄨㄢ,ˇ,guan,3,館
ㄍㄨㄢ,ˋ,guan,4,罐
ㄍㄨㄣ,ˇ,gun,3,滾
ㄍㄨㄣ,ˋ,gun,4,棍
ㄍㄨㄤ,,guang,1,光
ㄍㄨㄤ,ˇ,guang,3,廣
ㄍㄨㄤ,ˋ,guang,4,逛
ㄍㄨㄥ,,gong,1,攻
ㄍㄨㄥ,ˇ,gong,3,汞
ㄍㄨㄥ,ˋ,gong,4,貢
ㄎㄚ,,ka,1,咖
ㄎㄚ,ˇ,ka,3,卡
ㄎㄚ,ˋ,ka,4,喀*
ㄎㄜ,,ke,1,柯
ㄎㄜ,ˊ,ke,2,殼
ㄎㄜ,ˇ,ke,3,渴
ㄎㄜ,ˋ,ke,4,克
ㄎㄞ,,kai,1,開
ㄎㄞ,ˇ,kai,3,凱
ㄎㄞ,ˋ,kai,4,愾*
ㄎㄠ,,kao,1,尻*
ㄎㄠ,ˇ,kao,3,烤
ㄎㄠ,ˋ,kao,4,靠
ㄎㄡ,,kou,1,摳
ㄎㄡ,ˇ,kou,3,口
ㄎㄡ,ˋ,kou,4,寇
ㄎㄢ,,kan,1,刊
ㄎㄢ,ˇ,kan,3,砍
ㄎㄢ,ˋ,kan,4,看
ㄎㄣ,ˇ,ken,3,墾
ㄎㄣ,ˋ,ken,4,掯*
ㄎㄤ,,kang,1,康
ㄎㄤ,ˊ,kang,2,扛
ㄎㄤ,ˋ,kang,4,抗
ㄎㄥ,,keng,1,硜*
ㄎㄨ,,ku,1,枯*
ㄎㄨ,ˇ,ku,3,苦
ㄎㄨ,ˋ,ku,4,庫
ㄎㄨㄚ,,kua,1,誇
ㄎㄨㄚ,ˇ,kua,3,垮
ㄎㄨㄚ,ˋ,kua,4,跨
ㄎㄨㄛ,ˋ,kuo,4,擴
ㄎㄨㄞ,,kuai,1,塊
ㄎㄨㄞ,ˇ,kuai,3,蒯*
ㄎㄨㄞ,ˋ,kuai,4,快
ㄎㄨㄟ,,kui,1,虧
ㄎㄨㄟ,ˊ,kui,2,葵
ㄎㄨㄟ,ˇ,kui,3,煃*
ㄎㄨㄟ,ˋ,kui,4,饋
ㄎㄨㄢ,,kuan,1,寬
ㄎㄨㄢ,ˇ,kuan,3,款
ㄎㄨㄣ,,kun,1,昆
ㄎㄨㄣ,ˇ,kun,3,捆
ㄎㄨㄣ,ˋ,kun,4,困
ㄎㄨㄤ,,kuang,1,匡
ㄎㄨㄤ,ˊ,kuang,2,狂
ㄎㄨㄤ,ˋ,kuang,4,況
ㄎㄨㄥ,,kong,1,空
ㄎㄨㄥ,ˇ,kong,3,孔
ㄎㄨㄥ,ˋ,kong,4,控
ㄏㄚ,,ha,1,哈
ㄏㄚ,ˊ,ha,2,蛤*
ㄏㄚ,ˇ,ha,3,哈*
ㄏㄜ,,he,1,喝
ㄏㄜ,ˊ,he,2,核
ㄏㄜ,ˋ,he,4,賀
ㄏㄞ,,hai,1,嗨*
ㄏㄞ,ˊ,hai,2,孩
ㄏㄞ,ˇ,hai,3,海
ㄏㄞ,ˋ,hai,4,害
ㄏㄟ,,hei,1,黑
ㄏㄠ,,hao,1,蒿*
ㄏㄠ,ˊ,hao,2,豪
ㄏㄠ,ˇ,hao,3,郝
ㄏㄠ,ˋ,hao,4,浩
ㄏㄡ,,hou,1,齁*
ㄏㄡ,ˊ,hou,2,猴
ㄏㄡ,ˇ,hou,3,吼
ㄏㄡ,ˋ,hou,4,後
ㄏㄢ,,han,1,憨
ㄏㄢ,ˊ,han,2,寒
ㄏㄢ,ˇ,han,3,喊
ㄏㄢ,ˋ,han,4,漢
ㄏㄣ,ˊ,hen,2,痕
ㄏㄣ,ˇ,hen,3,很
ㄏㄣ,ˋ,hen,4,恨
ㄏㄤ,,hang,1,夯
ㄏㄤ,ˊ,hang,2,航
ㄏㄥ,,heng,1,哼
ㄏㄥ,ˊ,heng,2,橫
ㄏㄥ,ˋ,heng,4,橫*
ㄏㄨ,,hu,1,呼
ㄏㄨ,ˊ,hu,2,胡
ㄏㄨ,ˇ,hu,3,虎
ㄏㄨ,ˋ,hu,4,戶
ㄏㄨㄚ,,hua,1,花
ㄏㄨㄚ,ˊ,hua,2,華
ㄏㄨㄚ,ˋ,hua,4,化
ㄏㄨㄛ,,huo,1,豁*
ㄏㄨㄛ,ˊ,huo,2,活
ㄏㄨㄛ,ˇ,huo,3,火
ㄏㄨㄛ,ˋ,huo,4,貨
ㄏㄨㄞ,ˊ,huai,2,淮
ㄏㄨㄞ,ˋ,huai,4,壞
ㄏㄨㄟ,,hui,1,揮
ㄏㄨㄟ,ˊ,hui,2,回
ㄏㄨㄟ,ˇ,hui,3,毀
ㄏㄨㄟ,ˋ,hui,4,彗
ㄏㄨㄢ,,huan,1,歡
ㄏㄨㄢ,ˊ,huan,2,環
ㄏㄨㄢ,ˇ,huan,3,緩
ㄏㄨㄢ,ˋ,huan,4,幻
ㄏㄨㄣ,,hun,1,婚
ㄏㄨㄣ,ˊ,hun,2,魂
ㄏㄨㄣ,ˇ,hun,3,混*
ㄏㄨㄣ,ˋ,hun,4,混*
ㄏㄨㄤ,,huang,1,慌
ㄏㄨㄤ,ˊ,huang,2,黃
ㄏㄨㄤ,ˇ,huang,3,謊
ㄏㄨㄤ,ˋ,huang,4,晃*
ㄏㄨㄥ,,hong,1,哄*
ㄏㄨㄥ,ˊ,hong,2,紅
ㄏㄨㄥ,ˇ,hong,3,哄*
ㄏㄨㄥ,ˋ,hong,4,鬨*
ㄐ一,,ji,1,基
ㄐ一,ˊ,ji,2,吉
ㄐ一,ˇ,ji,3,擠
ㄐ一,ˋ,ji,4,技
ㄐ一ㄚ,,jia,1,家
ㄐ一ㄚ,ˊ,jia,2,夾
ㄐ一ㄚ,ˇ,jia,3,甲
ㄐ一ㄚ,ˋ,jia,4,架
ㄐ一ㄝ,,jie,1,街
ㄐ一ㄝ,ˊ,jie,2,傑
ㄐ一ㄝ,ˇ,jie,3,姐
ㄐ一ㄝ,ˋ,jie,4,借
ㄐ一ㄠ,,jiao,1,焦
ㄐ一ㄠ,ˊ,jiao,2,嚼*
ㄐ一ㄠ,ˇ,jiao,3,腳
ㄐ一ㄠ,ˋ,jiao,4,叫
ㄐ一ㄡ,,jiu,1,糾
ㄐ一ㄡ,ˇ,jiu,3,九
ㄐ一ㄡ,ˋ,jiu,4,舅
ㄐ一ㄢ,,jian,1,尖
ㄐ一ㄢ,ˇ,jian,3,簡
ㄐ一ㄢ,ˋ,jian,4,建
ㄐ一ㄣ,,jin,1,金
ㄐ一ㄣ,ˇ,jin,3,錦
ㄐ一ㄣ,ˋ,jin,4,進
ㄐ一ㄥ,,jing,1,鯨
ㄐ一ㄥ,ˇ,jing,3,警
ㄐ一ㄥ,ˋ,jing,4,靜
ㄐ一ㄤ,,jiang,1,僵
ㄐ一ㄤ,ˇ,jiang,3,蔣
ㄐ一ㄤ,ˋ,jiang,4,匠
ㄐㄩ,,ju,1,居
ㄐㄩ,ˊ,ju,2,橘
ㄐㄩ,ˇ,ju,3,舉
ㄐㄩ,ˋ,ju,4,巨
ㄐㄩㄝ,,jue,1,噘*
ㄐㄩㄝ,ˊ,jue,2,決
ㄐㄩㄝ,ˋ,jue,4,倔*
ㄐㄩㄢ,,juan,1,捐
ㄐㄩㄢ,ˇ,juan,3,捲
ㄐㄩㄢ,ˋ,juan,4,倦
ㄐㄩㄣ,,jun,1,君
ㄐㄩㄣ,ˋ,jun,4,俊
ㄐㄩㄥ,,jiong,1,坰*
ㄐㄩㄥ,ˇ,jiong,3,窘*
ㄑ一,,qi,1,妻
ㄑ一,ˊ,qi,2,棋
ㄑ一,ˇ,qi,3,起
ㄑ一,ˋ,qi,4,器
ㄑ一ㄚ,,qia,1,掐
ㄑ一ㄚ,ˇ,qia,3,卡*
ㄑ一ㄚ,ˋ,qia,4,洽
ㄑ一ㄝ,,qie,1,切
ㄑ一ㄝ,ˊ,qie,2,茄
ㄑ一ㄝ,ˇ,qie,3,且
ㄑ一ㄝ,ˋ,qie,4,妾
ㄑ一ㄠ,,qiao,1,敲
ㄑ一ㄠ,ˊ,qiao,2,橋
ㄑ一ㄠ,ˇ,qiao,3,巧
ㄑ一ㄠ,ˋ,qiao,4,俏
ㄑ一ㄡ,,qiu,1,丘
ㄑ一ㄡ,ˊ,qiu,2,球
ㄑ一ㄡ,ˇ,qiu,3,糗
ㄑ一ㄢ,,qian,1,千
ㄑ一ㄢ,ˊ,qian,2,前
ㄑ一ㄢ,ˇ,qian,3,淺
ㄑ一ㄢ,ˋ,qian,4,欠
ㄑ一ㄣ,,qin,1,親
ㄑ一ㄣ,ˊ,qin,2,琴
ㄑ一ㄣ,ˇ,qin,3,寢
ㄑ一ㄣ,ˋ,qin,4,沁*
ㄑ一ㄤ,,qiang,1,槍
ㄑ一ㄤ,ˊ,qiang,2,牆
ㄑ一ㄤ,ˇ,qiang,3,搶
ㄑ一ㄤ,ˋ,qiang,4,嗆
ㄑ一ㄥ,,qing,1,清
ㄑ一ㄥ,ˊ,qing,2,情
ㄑ一ㄥ,ˇ,qing,3,請
ㄑ一ㄥ,ˋ,qing,4,慶
ㄑㄩ,,qu,1,區
ㄑㄩ,ˊ,qu,2,璩*
ㄑㄩ,ˇ,qu,3,娶
ㄑㄩ,ˋ,qu,4,去
ㄑㄩㄝ,,que,1,缺
ㄑㄩㄝ,ˊ,que,2,瘸*
ㄑㄩㄝ,ˋ,que,4,雀
ㄑㄩㄢ,,quan,1,圈
ㄑㄩㄢ,ˊ,quan,2,全
ㄑㄩㄢ,ˇ,quan,3,犬
ㄑㄩㄢ,ˋ,quan,4,勸
ㄑㄩㄣ,,qun,1,逡*
ㄑㄩㄣ,ˊ,qun,2,裙
ㄑㄩㄥ,,qiong,1,銎*
ㄑㄩㄥ,ˊ,qiong,2,瓊
ㄒ一,,xi,1,兮
ㄒ一,ˊ,xi,2,席
ㄒ一,ˇ,xi,3,喜
ㄒ一,ˋ,xi,4,系
ㄒ一ㄚ,,xia,1,蝦
ㄒ一ㄚ,ˊ,xia,2,俠
ㄒ一ㄚ,ˋ,xia,4,夏
ㄒ一ㄝ,,xie,1,蠍
ㄒ一ㄝ,ˊ,xie,2,鞋
ㄒ一ㄝ,ˇ,xie,3,寫
ㄒ一ㄝ,ˋ,xie,4,洩
ㄒ一ㄠ,,xiao,1,削
ㄒ一ㄠ,ˇ,xiao,3,小
ㄒ一ㄠ,ˋ,xiao,4,效
ㄒ一ㄡ,,xiu,1,休
ㄒ一ㄡ,ˇ,xiu,3,朽
ㄒ一ㄡ,ˋ,xiu,4,袖
ㄒ一ㄢ,,xian,1,先
ㄒ一ㄢ,ˊ,xian,2,賢
ㄒ一ㄢ,ˇ,xian,3,險
ㄒ一ㄢ,ˋ,xian,4,限
ㄒ一ㄣ,,xin,1,心
ㄒ一ㄣ,ˊ,xin,2,鄩*
ㄒ一ㄣ,ˇ,xin,3,伈*
ㄒ一ㄣ,ˋ,xin,4,信
ㄒ一ㄤ,,xiang,1,廂
ㄒ一ㄤ,ˊ,xiang,2,翔
ㄒ一ㄤ,ˇ,xiang,3,想
ㄒ一ㄤ,ˋ,xiang,4,向
ㄒ一ㄥ,,xing,1,星
ㄒ一ㄥ,ˊ,xing,2,型
ㄒ一ㄥ,ˇ,xing,3,醒
ㄒ一ㄥ,ˋ,xing,4,幸
ㄒㄩ,,xu,1,虛
ㄒㄩ,ˊ,xu,2,徐
ㄒㄩ,ˇ,xu,3,許
ㄒㄩ,ˋ,xu,4,序
ㄒㄩㄝ,,xue,1,薛
ㄒㄩㄝ,ˊ,xue,2,學
ㄒㄩㄝ,ˇ,xue,3,鱈
ㄒㄩㄝ,ˋ,xue,4,血*
ㄒㄩㄢ,,xuan,1,宣
ㄒㄩㄢ,ˊ,xuan,2,旋
ㄒㄩㄢ,ˇ,xuan,3,選
ㄒㄩㄢ,ˋ,xuan,4,炫
ㄒㄩㄣ,,xun,1,燻
ㄒㄩㄣ,ˊ,xun,2,尋
ㄒㄩㄣ,ˋ,xun,4,訊
ㄒㄩㄥ,,xiong,1,兄
ㄒㄩㄥ,ˊ,xiong,2,雄
ㄒㄩㄥ,ˋ,xiong,4,敻*
ㄓ,,zhi,1,之
ㄓ,ˊ,zhi,2,值
ㄓ,ˇ,zhi,3,指
ㄓ,ˋ,zhi,4,至
ㄓㄚ,,zha,1,渣
ㄓㄚ,ˊ,zha,2,鍘*
ㄓㄚ,ˇ,zha,3,鮓*
ㄓㄚ,ˋ,zha,4,炸
ㄓㄜ,,zhe,1,遮
ㄓㄜ,ˊ,zhe,2,折
ㄓㄜ,ˇ,zhe,3,者
ㄓㄜ,ˋ,zhe,4,這
ㄓㄜ,˙,zhe,5,嫬*
ㄓㄞ,,zhai,1,摘
ㄓㄞ,ˊ,zhai,2,宅
ㄓㄞ,ˇ,zhai,3,窄
ㄓㄞ,ˋ,zhai,4,債
ㄓㄠ,,zhao,1,招
ㄓㄠ,ˊ,zhao,2,著*
ㄓㄠ,ˇ,zhao,3,找
ㄓㄠ,ˋ,zhao,4,照
ㄓㄡ,,zhou,1,舟
ㄓㄡ,ˊ,zhou,2,軸
ㄓㄡ,ˇ,zhou,3,肘
ㄓㄡ,ˋ,zhou,4,咒
ㄓㄢ,,zhan,1,沾
ㄓㄢ,ˇ,zhan,3,展
ㄓㄢ,ˋ,zhan,4,戰
ㄓㄣ,,zhen,1,偵
ㄓㄣ,ˇ,zhen,3,枕
ㄓㄣ,ˋ,zhen,4,振
ㄓㄤ,,zhang,1,張
ㄓㄤ,ˇ,zhang,3,掌
ㄓㄤ,ˋ,zhang,4,丈
ㄓㄥ,,zheng,1,蒸
ㄓㄥ,ˇ,zheng,3,整
ㄓㄥ,ˋ,zheng,4,正
ㄓㄨ,,zhu,1,朱
ㄓㄨ,ˊ,zhu,2,逐
ㄓㄨ,ˇ,zhu,3,主
ㄓㄨ,ˋ,zhu,4,祝
ㄓㄨㄚ,,zhua,1,抓
ㄓㄨㄚ,ˇ,zhua,3,爪*
ㄓㄨㄛ,,zhuo,1,桌
ㄓㄨㄛ,ˊ,zhuo,2,卓
ㄓㄨㄞ,,zhuai,1,拽*
ㄓㄨㄞ,ˇ,zhuai,3,跩*
ㄓㄨㄞ,ˋ,zhuai,4,拽*
ㄓㄨㄤ,,zhuang,1,裝*
ㄓㄨㄤ,ˋ,zhuang,4,壯
ㄓㄨㄟ,,zhui,1,追
ㄓㄨㄟ,ˋ,zhui,4,墜
ㄓㄨㄢ,,zhuan,1,專
ㄓㄨㄢ,ˇ,zhuan,3,轉
ㄓㄨㄢ,ˋ,zhuan,4,賺
ㄓㄨㄣ,,zhun,1,諄*
ㄓㄨㄣ,ˇ,zhun,3,準
ㄓㄨㄥ,,zhong,1,忠
ㄓㄨㄥ,ˇ,zhong,3,腫
ㄓㄨㄥ,ˋ,zhong,4,眾
ㄔ,,chi,1,吃
ㄔ,ˊ,chi,2,遲
ㄔ,ˇ,chi,3,尺
ㄔ,ˋ,chi,4,赤
ㄔㄚ,,cha,1,插
ㄔㄚ,ˊ,cha,2,茶
ㄔㄚ,ˇ,cha,3,衩*
ㄔㄚ,ˋ,cha,4,岔*
ㄔㄜ,,che,1,車
ㄔㄜ,ˇ,che,3,扯
ㄔㄜ,ˋ,che,4,撤
ㄔㄞ,,chai,1,拆
ㄔㄞ,ˊ,chai,2,柴
ㄔㄞ,ˋ,chai,4,蠆*
ㄔㄠ,,chao,1,鈔
ㄔㄠ,ˊ,chao,2,巢
ㄔㄠ,ˇ,chao,3,炒
ㄔㄡ,,chou,1,抽
ㄔㄡ,ˊ,chou,2,仇
ㄔㄡ,ˇ,chou,3,醜
ㄔㄡ,ˋ,chou,4,臭
ㄔㄢ,,chan,1,摻*
ㄔㄢ,ˊ,chan,2,蟬
ㄔㄢ,ˇ,chan,3,產
ㄔㄢ,ˋ,chan,4,懺*
ㄔㄣ,,chen,1,嗔*
ㄔㄣ,ˊ,chen,2,塵
ㄔㄣ,ˋ,chen,4,趁
ㄔㄤ,,chang,1,昌
ㄔㄤ,ˊ,chang,2,常
ㄔㄤ,ˇ,chang,3,廠
ㄔㄤ,ˋ,chang,4,唱
ㄔㄥ,,cheng,1,撐
ㄔㄥ,ˊ,cheng,2,誠
ㄔㄥ,ˇ,cheng,3,逞
ㄔㄥ,ˋ,cheng,4,秤
ㄔㄨ,,chu,1,出
ㄔㄨ,ˊ,chu,2,廚
ㄔㄨ,ˇ,chu,3,楚
ㄔㄨ,ˋ,chu,4,觸
ㄔㄨㄛ,,chuo,1,戳
ㄔㄨㄛ,ˋ,chuo,4,綽*
ㄔㄨㄞ,ˇ,chuai,3,揣*
ㄔㄨㄞ,ˋ,chuai,4,踹
ㄔㄨㄟ,,chui,1,吹
ㄔㄨㄟ,ˊ,chui,2,捶
ㄔㄨㄟ,ˋ,chui,4,吹*
ㄔㄨㄢ,,chuan,1,川
ㄔㄨㄢ,ˊ,chuan,2,船
ㄔㄨㄢ,ˇ,chuan,3,喘
ㄔㄨㄢ,ˋ,chuan,4,串
ㄔㄨㄤ,,chuang,1,窗
ㄔㄨㄤ,ˊ,chuang,2,床
ㄔㄨㄤ,ˇ,chuang,3,闖
ㄔㄨㄤ,ˋ,chuang,4,創
ㄔㄨㄣ,,chun,1,春
ㄔㄨㄣ,ˊ,chun,2,純
ㄔㄨㄣ,ˇ,chun,3,蠢
ㄔㄨㄥ,,chong,1,充
ㄔㄨㄥ,ˊ,chong,2,蟲
ㄔㄨㄥ,ˇ,chong,3,寵
ㄔㄨㄥ,ˋ,chong,4,揰*
ㄕ,,shi,1,獅
ㄕ,ˊ,shi,2,十
ㄕ,ˇ,shi,3,史
ㄕ,ˋ,shi,4,世
ㄕㄚ,,sha,1,沙
ㄕㄚ,ˊ,sha,2,啥
ㄕㄚ,ˇ,sha,3,傻
ㄕㄚ,ˋ,sha,4,煞*
ㄕㄜ,,she,1,奢
ㄕㄜ,ˊ,she,2,蛇
ㄕㄜ,ˇ,she,3,捨
ㄕㄜ,ˋ,she,4,射
ㄕㄞ,,shai,1,篩
ㄕㄞ,ˇ,shai,3,色*
ㄕㄞ,ˋ,shai,4,曬
ㄕㄟ,ˊ,shei,2,誰
ㄕㄠ,,shao,1,燒
ㄕㄠ,ˊ,shao,2,杓*
ㄕㄠ,ˇ,shao,3,少
ㄕㄠ,ˋ,shao,4,哨
ㄕㄡ,,shou,1,收
ㄕㄡ,ˊ,shou,2,熟
ㄕㄡ,ˇ,shou,3,守
ㄕㄡ,ˋ,shou,4,瘦
ㄕㄢ,,shan,1,山
ㄕㄢ,ˇ,shan,3,陝
ㄕㄢ,ˋ,shan,4,善
ㄕㄣ,,shen,1,身
ㄕㄣ,ˊ,shen,2,神
ㄕㄣ,ˇ,shen,3,審
ㄕㄣ,ˋ,shen,4,腎
ㄕㄤ,,shang,1,商
ㄕㄤ,ˇ,shang,3,賞
ㄕㄤ,ˋ,shang,4,尚
ㄕㄥ,,sheng,1,聲
ㄕㄥ,ˊ,sheng,2,繩
ㄕㄥ,ˇ,sheng,3,省*
ㄕㄥ,ˋ,sheng,4,聖
ㄕㄨ,,shu,1,書
ㄕㄨ,ˊ,shu,2,叔
ㄕㄨ,ˇ,shu,3,蜀
ㄕㄨ,ˋ,shu,4,樹
ㄕㄨㄚ,,shua,1,刷
ㄕㄨㄚ,ˇ,shua,3,耍
ㄕㄨㄚ,ˋ,shua,4,刷*
ㄕㄨㄛ,,shuo,1,說
ㄕㄨㄛ,ˋ,shuo,4,碩
ㄕㄨㄞ,,shuai,1,摔
ㄕㄨㄞ,ˇ,shuai,3,甩
ㄕㄨㄞ,ˋ,shuai,4,帥
ㄕㄨㄟ,ˊ,shui,2,誰*
ㄕㄨㄟ,ˇ,shui,3,水
ㄕㄨㄟ,ˋ,shui,4,稅
ㄕㄨㄢ,,shuan,1,栓
ㄕㄨㄢ,ˋ,shuan,4,涮*
ㄕㄨㄣ,ˇ,shun,3,吮*
ㄕㄨㄣ,ˋ,shun,4,順
ㄕㄨㄤ,,shuang,1,霜
ㄕㄨㄤ,ˇ,shuang,3,爽
ㄖ,ˋ,ri,4,日
ㄖㄜ,ˇ,re,3,惹
ㄖㄜ,ˋ,re,4,熱
ㄖㄠ,ˊ,rao,2,饒
ㄖㄠ,ˇ,rao,3,擾
ㄖㄠ,ˋ,rao,4,繞
ㄖㄡ,ˊ,rou,2,柔
ㄖㄡ,ˋ,rou,4,肉
ㄖㄢ,ˊ,ran,2,然
ㄖㄢ,ˇ,ran,3,染
ㄖㄣ,ˊ,ren,2,仁
ㄖㄣ,ˇ,ren,3,忍
ㄖㄣ,ˋ,ren,4,認
ㄖㄤ,ˊ,rang,2,禳*
ㄖㄤ,ˇ,rang,3,嚷*
ㄖㄤ,ˋ,rang,4,讓
ㄖㄥ,,reng,1,扔
ㄖㄥ,ˊ,reng,2,仍
ㄖㄨ,ˊ,ru,2,如
ㄖㄨ,ˇ,ru,3,乳
ㄖㄨ,ˋ,ru,4,入
ㄖㄨㄛ,ˋ,ruo,4,弱
ㄖㄨㄟ,ˊ,rui,2,緌*
ㄖㄨㄟ,ˇ,rui,3,蕊*
ㄖㄨㄟ,ˋ,rui,4,瑞
ㄖㄨㄢ,ˊ,ruan,2,壖*
ㄖㄨㄢ,ˇ,ruan,3,軟
ㄖㄨㄣ,ˊ,run,2,犉*
ㄖㄨㄣ,ˋ,run,4,潤
ㄖㄨㄥ,ˊ,rong,2,容
ㄖㄨㄥ,ˇ,rong,3,冗*
ㄗ,,zi,1,資
ㄗ,ˇ,zi,3,紫
ㄗ,ˋ,zi,4,字
ㄗ,˙,zi,5,子*
ㄗㄚ,,za,1,紮
ㄗㄚ,ˊ,za,2,雜
ㄗㄜ,ˊ,ze,2,責
ㄗㄜ,ˇ,ze,3,怎
ㄗㄜ,ˋ,ze,4,仄*
ㄗㄞ,,zai,1,栽
ㄗㄞ,ˇ,zai,3,宰
ㄗㄞ,ˋ,zai,4,在
ㄗㄠ,,zao,1,糟
ㄗㄠ,ˊ,zao,2,鑿
ㄗㄠ,ˇ,zao,3,棗
ㄗㄠ,ˋ,zao,4,造
ㄗㄟ,ˊ,zei,2,賊
ㄗㄡ,,zou,1,鄒*
ㄗㄡ,ˇ,zou,3,走
ㄗㄡ,ˋ,zou,4,奏
ㄗㄢ,,zan,1,簪*
ㄗㄢ,ˊ,zan,2,咱*
ㄗㄢ,ˇ,zan,3,攢*
ㄗㄢ,ˋ,zan,4,讚
ㄗㄣ,ˇ,zen,3,怎*
ㄗㄣ,ˋ,zen,4,譖*
ㄗㄤ,,zang,1,髒
ㄗㄤ,ˇ,zang,3,駔*
ㄗㄤ,ˋ,zang,4,葬
ㄗㄥ,,zeng,1,增
ㄗㄥ,ˋ,zeng,4,贈
ㄗㄨ,,zu,1,租
ㄗㄨ,ˊ,zu,2,卒
ㄗㄨ,ˇ,zu,3,組
ㄗㄨㄛ,,zuo,1,嘬*
ㄗㄨㄛ,ˊ,zuo,2,昨
ㄗㄨㄛ,ˇ,zuo,3,左
ㄗㄨㄛ,ˋ,zuo,4,作
ㄗㄨㄟ,ˇ,zui,3,嘴
ㄗㄨㄟ,ˋ,zui,4,醉
ㄗㄨㄣ,,zun,1,尊
ㄗㄨㄣ,ˇ,zun,3,噂*
ㄗㄨㄣ,ˋ,zun,4,圳*
ㄗㄨㄢ,,zuan,1,鑽*
ㄗㄨㄢ,ˇ,zuan,3,纂*
ㄗㄨㄢ,ˋ,zuan,4,鑽*
ㄗㄨㄥ,,zong,1,宗
ㄗㄨㄥ,ˇ,zong,3,總
ㄗㄨㄥ,ˋ,zong,4,縱
ㄘ,,ci,1,疵*
ㄘ,ˊ,ci,2,詞
ㄘ,ˇ,ci,3,此
ㄘ,ˋ,ci,4,刺
ㄘㄚ,,ca,1,擦
ㄘㄜ,ˋ,ce,4,冊
ㄘㄞ,,cai,1,猜
ㄘㄞ,ˊ,cai,2,材
ㄘㄞ,ˇ,cai,3,釆
ㄘㄞ,ˋ,cai,4,菜
ㄘㄠ,,cao,1,糙
ㄘㄠ,ˊ,cao,2,曹
ㄘㄠ,ˇ,cao,3,草
ㄘㄠ,ˋ,cao,4,糙*
ㄘㄡ,ˋ,cou,4,湊
ㄘㄢ,,can,1,餐
ㄘㄢ,ˊ,can,2,蠶
ㄘㄢ,ˇ,can,3,慘
ㄘㄢ,ˋ,can,4,燦
ㄘㄣ,,cen,1,嵾*
ㄘㄣ,ˊ,cen,2,岑*
ㄘㄤ,,cang,1,倉
ㄘㄤ,ˊ,cang,2,藏*
ㄘㄥ,,ceng,1,噌*
ㄘㄥ,ˊ,ceng,2,層
ㄘㄥ,ˋ,ceng,4,蹭*
ㄘㄨ,,cu,1,粗
ㄘㄨ,ˊ,cu,2,殂*
ㄘㄨ,ˋ,cu,4,促
ㄘㄨㄛ,,cuo,1,搓
ㄘㄨㄛ,ˊ,cuo,2,矬*
ㄘㄨㄛ,ˇ,cuo,3,脞*
ㄘㄨㄛ,ˋ,cuo,4,錯
ㄘㄨㄟ,,cui,1,催
ㄘㄨㄟ,ˇ,cui,3,璀*
ㄘㄨㄟ,ˋ,cui,4,脆
ㄘㄨㄢ,,cuan,1,攛*
ㄘㄨㄢ,ˊ,cuan,2,攢*
ㄘㄨㄢ,ˋ,cuan,4,篡*
ㄘㄨㄣ,,cun,1,村
ㄘㄨㄣ,ˊ,cun,2,存
ㄘㄨㄣ,ˇ,cun,3,忖*
ㄘㄨㄣ,ˋ,cun,4,寸
ㄘㄨㄥ,,cong,1,聰
ㄘㄨㄥ,ˊ,cong,2,從
ㄙ,,si,1,思
ㄙ,ˇ,si,3,死
ㄙ,ˋ,si,4,四
ㄙㄚ,,sa,1,撒*
ㄙㄚ,ˇ,sa,3,灑
ㄙㄚ,ˋ,sa,4,薩
ㄙㄜ,ˋ,se,4,澀
ㄙㄞ,,sai,1,鰓
ㄙㄞ,ˇ,sai,3,噻*
ㄙㄞ,ˋ,sai,4,賽
ㄙㄢ,,san,1,三
ㄙㄢ,ˇ,san,3,傘
ㄙㄢ,ˋ,san,4,散*
ㄙㄠ,,sao,1,騷
ㄙㄠ,ˇ,sao,3,嫂
ㄙㄠ,ˋ,sao,4,臊*
ㄙㄡ,,sou,1,蒐
ㄙㄡ,ˇ,sou,3,叟*
ㄙㄡ,ˋ,sou,4,嗽
ㄙㄣ,,sen,1,森
ㄙㄤ,,sang,1,桑
ㄙㄤ,ˇ,sang,3,嗓
ㄙㄤ,ˋ,sang,4,喪
ㄙㄥ,,seng,1,僧*
ㄙㄨ,,su,1,蘇
ㄙㄨ,ˊ,su,2,俗
ㄙㄨ,ˋ,su,4,素
ㄙㄨㄛ,,suo,1,縮
ㄙㄨㄛ,ˇ,suo,3,索
ㄙㄨㄟ,,sui,1,雖
ㄙㄨㄟ,ˊ,sui,2,隨
ㄙㄨㄟ,ˇ,sui,3,巂*
ㄙㄨㄟ,ˋ,sui,4,碎
ㄙㄨㄢ,,suan,1,酸
ㄙㄨㄢ,ˋ,suan,4,蒜
ㄙㄨㄣ,,sun,1,孫
ㄙㄨㄣ,ˇ,sun,3,損
ㄙㄨㄥ,,song,1,松
ㄙㄨㄥ,ˇ,song,3,聳
ㄙㄨㄥ,ˋ,song,4,送
ㄚ,,a,1,啊*
ㄚ,ˊ,a,2,啊*
ㄚ,ˇ,a,3,啊*
ㄚ,ˋ,a,4,啊*
ㄚ,˙,a,5,啊*
ㄛ,,o,1,噢*
ㄛ,ˊ,o,2,哦*
ㄛ,ˇ,o,3,嚄*
ㄛ,˙,o,5,喔*
ㄜ,,e,1,婀*
ㄜ,ˊ,e,2,額
ㄜ,ˇ,e,3,噁*
ㄜ,ˋ,e,4,鱷
ㄝ,ˋ,ie,4,誒*
ㄞ,,ai,1,哀
ㄞ,ˊ,ai,2,癌*
ㄞ,ˇ,ai,3,矮
ㄞ,ˋ,ai,4,愛
ㄟ,ˋ,ei,4,欸*
ㄠ,,ao,1,凹
ㄠ,ˊ,ao,2,敖
ㄠ,ˇ,ao,3,襖*
ㄠ,ˋ,ao,4,澳
ㄡ,,ou,1,歐
ㄡ,ˊ,ou,2,吽*
ㄡ,ˇ,ou,3,偶
ㄡ,ˋ,ou,4,嘔*
ㄢ,,an,1,安
ㄢ,ˊ,an,2,雸*
ㄢ,ˇ,an,3,俺*
ㄢ,ˋ,an,4,暗
ㄣ,,en,1,嗯*
ㄣ,ˋ,en,4,摁*
ㄤ,,ang,1,骯
ㄤ,ˊ,ang,2,昂
ㄤ,ˇ,ang,3,軮*
ㄤ,ˋ,ang,4,盎*
ㄥ,,eng,1,鞥*
ㄦ,,er,1,兒*
ㄦ,ˊ,er,2,而*
ㄦ,ˇ,er,3,耳
ㄦ,ˋ,er,4,二
ㄦ,˙,er,5,兒*
一,,yi,1,衣
一,ˊ,yi,2,儀
一,ˇ,yi,3,椅
一,ˋ,yi,4,意
一ㄚ,,ya,1,壓
一ㄚ,ˊ,ya,2,牙
一ㄚ,ˇ,ya,3,雅
一ㄚ,ˋ,ya,4,訝
一ㄚ,˙,ya,5,呀*
一ㄛ,,yo,1,唷*
一ㄛ,ˇ,yo,3,喲*
一ㄛ,˙,yo,5,喲*
一ㄝ,,ye,1,噎
一ㄝ,ˊ,ye,2,爺
一ㄝ,ˇ,ye,3,野
一ㄝ,ˋ,ye,4,頁
一ㄞ,ˊ,yai,2,崖*
一ㄠ,,yao,1,妖
一ㄠ,ˊ,yao,2,搖
一ㄠ,ˇ,yao,3,咬
一ㄠ,ˋ,yao,4,要
一ㄠ,˙,yao,5,喲*
一ㄡ,,you,1,幽
一ㄡ,ˊ,you,2,油
一ㄡ,ˇ,you,3,友
一ㄡ,ˋ,you,4,又
一ㄢ,,yan,1,煙
一ㄢ,ˊ,yan,2,嚴
一ㄢ,ˇ,yan,3,演
一ㄢ,ˋ,yan,4,艷
一ㄣ,,yin,1,音
一ㄣ,ˊ,yin,2,銀
一ㄣ,ˇ,yin,3,引
一ㄣ,ˋ,yin,4,印
一ㄤ,,yang,1,央
一ㄤ,ˊ,yang,2,洋
一ㄤ,ˇ,yang,3,氧
一ㄤ,ˋ,yang,4,樣
一ㄥ,,ying,1,英
一ㄥ,ˊ,ying,2,盈
一ㄥ,ˇ,ying,3,影
一ㄥ,ˋ,ying,4,硬
ㄨ,,wu,1,屋
ㄨ,ˊ,wu,2,吾
ㄨ,ˇ,wu,3,五
ㄨ,ˋ,wu,4,誤
ㄨㄚ,,wa,1,蛙
ㄨㄚ,ˊ,wa,2,娃
ㄨㄚ,ˇ,wa,3,瓦
ㄨㄚ,ˋ,wa,4,襪
ㄨㄛ,,wo,1,窩
ㄨㄛ,ˇ,wo,3,我
ㄨㄛ,ˋ,wo,4,臥
ㄨㄞ,,wai,1,歪
ㄨㄞ,ˇ,wai,3,舀*
ㄨㄞ,ˋ,wai,4,外
ㄨㄟ,,wei,1,威
ㄨㄟ,ˊ,wei,2,圍
ㄨㄟ,ˇ,wei,3,偉
ㄨㄟ,ˋ,wei,4,魏
ㄨㄢ,,wan,1,彎
ㄨㄢ,ˊ,wan,2,丸
ㄨㄢ,ˇ,wan,3,晚
ㄨㄢ,ˋ,wan,4,萬
ㄨㄣ,,wen,1,溫
ㄨㄣ,ˊ,wen,2,文
ㄨㄣ,ˇ,wen,3,穩
ㄨㄣ,ˋ,wen,4,問
ㄨㄤ,,wang,1,汪
ㄨㄤ,ˊ,wang,2,王
ㄨㄤ,ˇ,wang,3,網
ㄨㄤ,ˋ,wang,4,旺
ㄨㄥ,,weng,1,翁
ㄨㄥ,ˇ,weng,3,蓊*
ㄨㄥ,ˋ,weng,4,甕
ㄩ,,yuu,1,淤
ㄩ,ˊ,yuu,2,魚
ㄩ,ˇ,yuu,3,雨
ㄩ,ˋ,yuu,4,寓
ㄩㄝ,,yue,1,約
ㄩㄝ,ˋ,yue,4,月
ㄩㄢ,,yuan,1,淵
ㄩㄢ,ˊ,yuan,2,元
ㄩㄢ,ˇ,yuan,3,遠
ㄩㄢ,ˋ,yuan,4,院
ㄩㄣ,,yun,1,暈
ㄩㄣ,ˊ,yun,2,雲
ㄩㄣ,ˇ,yun,3,隕
ㄩㄣ,ˋ,yun,4,韻
ㄩㄥ,,yong,1,庸
ㄩㄥ,ˊ,yong,2,喁*
ㄩㄥ,ˇ,yong,3,勇
ㄩㄥ,ˋ,yong,4,用
